,,mean,std
recurrence-events,deg-malig,2.388235294117647,0.72529333387814
no-recurrence-events,deg-malig,1.9054726368159205,0.6971512751889022
